,precision,recall,f1-score,support
EDAnonymous,0.8628571428571429,0.8162162162162162,0.8388888888888889,555.0
addiction,0.6329113924050633,0.5102040816326531,0.5649717514124293,98.0
adhd,0.879074658254469,0.810077519379845,0.8431669188098839,1032.0
alcoholism,0.7922077922077922,0.648936170212766,0.7134502923976609,94.0
anxiety,0.7363690832834032,0.7137049941927991,0.7248599233264524,1722.0
autism,0.8823529411764706,0.7342657342657343,0.8015267175572519,143.0
bipolarreddit,0.8076923076923077,0.4405594405594406,0.5701357466063348,143.0
bpd,0.932806324110672,0.5339366515837104,0.679136690647482,442.0
depression,0.8024582967515365,0.9376282314320886,0.8647932633172486,4874.0
healthanxiety,0.6956521739130435,0.5161290322580645,0.5925925925925926,155.0
ptsd,0.8260869565217391,0.5033112582781457,0.6255144032921811,151.0
schizophrenia,0.8166666666666667,0.43171806167400884,0.5648414985590778,227.0
socialanxiety,0.6503667481662592,0.48717948717948717,0.5570680628272251,546.0
accuracy,0.797780396778629,0.797780396778629,0.797780396778629,0.797780396778629
macro avg,0.7936540372312743,0.621835913758843,0.6877651346334392,10182.0
weighted avg,0.7983518534057289,0.797780396778629,0.7892735380978668,10182.0
